[{"females": 384187, "country": "Afghanistan", "age": 18, "males": 407124, "year": 2017, "total": 791312}, {"females": 12253515, "country": "AFRICA", "age": 18, "males": 12599691, "year": 2017, "total": 24853148}, {"females": 24128, "country": "Albania", "age": 18, "males": 25266, "year": 2017, "total": 49397}, {"females": 283821, "country": "Algeria", "age": 18, "males": 295140, "year": 2017, "total": 578961}, {"females": 276880, "country": "Angola", "age": 18, "males": 276472, "year": 2017, "total": 553353}, {"females": 777, "country": "Antigua and Barbuda", "age": 18, "males": 803, "year": 2017, "total": 1580}, {"females": 764956, "country": "Arab Rep of Egypt", "age": 18, "males": 802948, "year": 2017, "total": 1567904}, {"females": 338282, "country": "Argentina", "age": 18, "males": 349238, "year": 2017, "total": 687522}, {"females": 15999, "country": "Armenia", "age": 18, "males": 16456, "year": 2017, "total": 32487}, {"females": 750, "country": "Aruba", "age": 18, "males": 756, "year": 2017, "total": 1504}, {"females": 32919696, "country": "ASIA", "age": 18, "males": 36009309, "year": 2017, "total": 68929229}, {"females": 145412, "country": "Australia", "age": 18, "males": 154696, "year": 2017, "total": 300109}, {"females": 175157, "country": "Australia/New Zealand", "age": 18, "males": 186032, "year": 2017, "total": 361190}, {"females": 44241, "country": "Austria", "age": 18, "males": 45685, "year": 2017, "total": 89926}, {"females": 61394, "country": "Azerbaijan", "age": 18, "males": 70542, "year": 2017, "total": 131942}, {"females": 2951, "country": "The Bahamas", "age": 18, "males": 3021, "year": 2017, "total": 5972}, {"females": 8032, "country": "Bahrain", "age": 18, "males": 10771, "year": 2017, "total": 18803}, {"females": 1577526, "country": "Bangladesh", "age": 18, "males": 1649741, "year": 2017, "total": 3227264}, {"females": 1785, "country": "Barbados", "age": 18, "males": 1840, "year": 2017, "total": 3625}, {"females": 39561, "country": "Belarus", "age": 18, "males": 42008, "year": 2017, "total": 81571}, {"females": 60456, "country": "Belgium", "age": 18, "males": 63391, "year": 2017, "total": 123847}, {"females": 3929, "country": "Belize", "age": 18, "males": 3913, "year": 2017, "total": 7842}, {"females": 119620, "country": "Benin", "age": 18, "males": 120436, "year": 2017, "total": 240057}, {"females": 7201, "country": "Bhutan", "age": 18, "males": 7382, "year": 2017, "total": 14584}, {"females": 107407, "country": "Bolivia", "age": 18, "males": 110526, "year": 2017, "total": 217933}, {"females": 21050, "country": "Bosnia and Herzegovina", "age": 18, "males": 22358, "year": 2017, "total": 43408}, {"females": 21844, "country": "Botswana", "age": 18, "males": 22162, "year": 2017, "total": 44006}, {"females": 1730597, "country": "Brazil", "age": 18, "males": 1789109, "year": 2017, "total": 3519716}, {"females": 3427, "country": "Brunei Darussalam", "age": 18, "males": 3726, "year": 2017, "total": 7153}, {"females": 29836, "country": "Bulgaria", "age": 18, "males": 31714, "year": 2017, "total": 61550}, {"females": 198484, "country": "Burkina Faso", "age": 18, "males": 205328, "year": 2017, "total": 403814}, {"females": 113451, "country": "Burundi", "age": 18, "males": 110244, "year": 2017, "total": 223695}, {"females": 253862, "country": "Cote-d-Ivoire", "age": 18, "males": 257961, "year": 2017, "total": 511824}, {"females": 5199, "country": "Cabo Verde", "age": 18, "males": 5335, "year": 2017, "total": 10533}, {"females": 150943, "country": "Cambodia", "age": 18, "males": 155189, "year": 2017, "total": 306129}, {"females": 253999, "country": "Cameroon", "age": 18, "males": 256529, "year": 2017, "total": 510528}, {"females": 203008, "country": "Canada", "age": 18, "males": 214576, "year": 2017, "total": 417586}, {"females": 351445, "country": "Caribbean", "age": 18, "males": 363661, "year": 2017, "total": 715106}, {"females": 54768, "country": "Central African Republic", "age": 18, "males": 53695, "year": 2017, "total": 108463}, {"females": 1641688, "country": "Central America", "age": 18, "males": 1688947, "year": 2017, "total": 3330636}, {"females": 533469, "country": "Central Asia", "age": 18, "males": 557081, "year": 2017, "total": 1090548}, {"females": 159979, "country": "Chad", "age": 18, "males": 161889, "year": 2017, "total": 321868}, {"females": 836, "country": "Channel Islands", "age": 18, "males": 919, "year": 2017, "total": 1755}, {"females": 128184, "country": "Chile", "age": 18, "males": 135297, "year": 2017, "total": 263482}, {"females": 6961327, "country": "China", "age": 18, "males": 7931914, "year": 2017, "total": 14893230}, {"females": 34022, "country": "Hong Kong SAR-China", "age": 18, "males": 36057, "year": 2017, "total": 70079}, {"females": 2835, "country": "Macao SAR China", "age": 18, "males": 3021, "year": 2017, "total": 5855}, {"females": 395457, "country": "Colombia", "age": 18, "males": 409656, "year": 2017, "total": 805115}, {"females": 8219, "country": "Comoros", "age": 18, "males": 8491, "year": 2017, "total": 16710}, {"females": 47619, "country": "Congo", "age": 18, "males": 47917, "year": 2017, "total": 95536}, {"females": 38460, "country": "Costa Rica", "age": 18, "males": 40136, "year": 2017, "total": 78596}, {"females": 23430, "country": "Croatia", "age": 18, "males": 24713, "year": 2017, "total": 48144}, {"females": 65474, "country": "Cuba", "age": 18, "males": 70512, "year": 2017, "total": 135986}, {"females": 993, "country": "Curacao", "age": 18, "males": 947, "year": 2017, "total": 1938}, {"females": 7468, "country": "Cyprus", "age": 18, "males": 7875, "year": 2017, "total": 15343}, {"females": 42082, "country": "Czech Republic", "age": 18, "males": 44394, "year": 2017, "total": 86477}, {"females": 188352, "country": "Dem Peoples Rep of Korea", "age": 18, "males": 197663, "year": 2017, "total": 386015}, {"females": 840965, "country": "Dem Rep of Congo", "age": 18, "males": 845976, "year": 2017, "total": 1686941}, {"females": 34730, "country": "Denmark", "age": 18, "males": 36555, "year": 2017, "total": 71285}, {"females": 8600, "country": "Djibouti", "age": 18, "males": 8817, "year": 2017, "total": 17417}, {"females": 95905, "country": "Dominican Republic", "age": 18, "males": 97641, "year": 2017, "total": 193547}, {"females": 4416887, "country": "Eastern Africa", "age": 18, "males": 4449779, "year": 2017, "total": 8866669}, {"females": 8235727, "country": "Eastern Asia", "age": 18, "males": 9283824, "year": 2017, "total": 17519560}, {"females": 1279622, "country": "Eastern Europe", "age": 18, "males": 1344642, "year": 2017, "total": 2624253}, {"females": 147677, "country": "Ecuador", "age": 18, "males": 152733, "year": 2017, "total": 300410}, {"females": 62348, "country": "El Salvador", "age": 18, "males": 62353, "year": 2017, "total": 124703}, {"females": 8528, "country": "Equatorial Guinea", "age": 18, "males": 8648, "year": 2017, "total": 17177}, {"females": 52581, "country": "Eritrea", "age": 18, "males": 54298, "year": 2017, "total": 106879}, {"females": 5079, "country": "Estonia", "age": 18, "males": 5306, "year": 2017, "total": 10385}, {"females": 1195007, "country": "Ethiopia", "age": 18, "males": 1215368, "year": 2017, "total": 2410375}, {"females": 3594232, "country": "EUROPE", "age": 18, "males": 3775459, "year": 2017, "total": 7369732}, {"females": 1234, "country": "Federated States of Micronesia", "age": 18, "males": 1307, "year": 2017, "total": 2541}, {"females": 7236, "country": "Fiji", "age": 18, "males": 7737, "year": 2017, "total": 14973}, {"females": 29156, "country": "Finland", "age": 18, "males": 30446, "year": 2017, "total": 59603}, {"females": 377802, "country": "France", "age": 18, "males": 396318, "year": 2017, "total": 774134}, {"females": 2501, "country": "French Guiana", "age": 18, "males": 2596, "year": 2017, "total": 5097}, {"females": 2252, "country": "French Polynesia", "age": 18, "males": 2354, "year": 2017, "total": 4606}, {"females": 13000, "country": "FYR Macedonia", "age": 18, "males": 13600, "year": 2017, "total": 26600}, {"females": 17705, "country": "Gabon", "age": 18, "males": 17995, "year": 2017, "total": 35700}, {"females": 21926, "country": "The Gambia", "age": 18, "males": 21922, "year": 2017, "total": 43848}, {"females": 21702, "country": "Georgia", "age": 18, "males": 23784, "year": 2017, "total": 45484}, {"females": 389997, "country": "Germany", "age": 18, "males": 410337, "year": 2017, "total": 800337}, {"females": 273012, "country": "Ghana", "age": 18, "males": 285110, "year": 2017, "total": 558118}, {"females": 48855, "country": "Greece", "age": 18, "males": 50743, "year": 2017, "total": 99600}, {"females": 914, "country": "Grenada", "age": 18, "males": 959, "year": 2017, "total": 1873}, {"females": 3090, "country": "Guadeloupe", "age": 18, "males": 3098, "year": 2017, "total": 6189}, {"females": 1411, "country": "Guam", "age": 18, "males": 1561, "year": 2017, "total": 2973}, {"females": 180071, "country": "Guatemala", "age": 18, "males": 183966, "year": 2017, "total": 364038}, {"females": 136386, "country": "Guinea", "age": 18, "males": 139398, "year": 2017, "total": 275784}, {"females": 19530, "country": "Guinea-Bissau", "age": 18, "males": 19516, "year": 2017, "total": 39046}, {"females": 9490, "country": "Guyana", "age": 18, "males": 9622, "year": 2017, "total": 19112}, {"females": 110960, "country": "Haiti", "age": 18, "males": 112415, "year": 2017, "total": 223375}, {"females": 89017, "country": "Honduras", "age": 18, "males": 91387, "year": 2017, "total": 180403}, {"females": 46989, "country": "Hungary", "age": 18, "males": 49454, "year": 2017, "total": 96444}, {"females": 2079, "country": "Iceland", "age": 18, "males": 2182, "year": 2017, "total": 4262}, {"females": 11727960, "country": "India", "age": 18, "males": 13060130, "year": 2017, "total": 24788090}, {"females": 2254542, "country": "Indonesia", "age": 18, "males": 2376570, "year": 2017, "total": 4631110}, {"females": 495177, "country": "Islamic Republic of Iran", "age": 18, "males": 552273, "year": 2017, "total": 1047460}, {"females": 380947, "country": "Iraq", "age": 18, "males": 401317, "year": 2017, "total": 782264}, {"females": 26943, "country": "Ireland", "age": 18, "males": 28292, "year": 2017, "total": 55235}, {"females": 62037, "country": "Israel", "age": 18, "males": 65497, "year": 2017, "total": 127533}, {"females": 274238, "country": "Italy", "age": 18, "males": 288523, "year": 2017, "total": 562764}, {"females": 25781, "country": "Jamaica", "age": 18, "males": 27166, "year": 2017, "total": 52948}, {"females": 581262, "country": "Japan", "age": 18, "males": 610166, "year": 2017, "total": 1191442}, {"females": 74629, "country": "Jordan", "age": 18, "males": 77709, "year": 2017, "total": 152337}, {"females": 103849, "country": "Kazakhstan", "age": 18, "males": 109887, "year": 2017, "total": 213735}, {"females": 483882, "country": "Kenya", "age": 18, "males": 486896, "year": 2017, "total": 970777}, {"females": 1166, "country": "Kiribati", "age": 18, "males": 1205, "year": 2017, "total": 2371}, {"females": 20843, "country": "Kuwait", "age": 18, "males": 26638, "year": 2017, "total": 47482}, {"females": 48898, "country": "Kyrgyz Republic", "age": 18, "males": 51017, "year": 2017, "total": 99914}, {"females": 72985, "country": "Lao PDR", "age": 18, "males": 75140, "year": 2017, "total": 148125}, {"females": 5490891, "country": "LATIN AMERICA AND THE CARIBBEAN", "age": 18, "males": 5677409, "year": 2017, "total": 11168320}, {"females": 7030, "country": "Latvia", "age": 18, "males": 7523, "year": 2017, "total": 14553}, {"females": 10292250, "country": "Least developed countries", "age": 18, "males": 10491240, "year": 2017, "total": 20783510}, {"females": 56426, "country": "Lebanon", "age": 18, "males": 53519, "year": 2017, "total": 109942}, {"females": 24633, "country": "Lesotho", "age": 18, "males": 25096, "year": 2017, "total": 49728}, {"females": 50192490, "country": "Less developed regions", "age": 18, "males": 53793520, "year": 2017, "total": 103986200}, {"females": 43053100, "country": "Less developed regions, excluding China", "age": 18, "males": 45669830, "year": 2017, "total": 88723120}, {"females": 39900240, "country": "Less developed regions, excluding least developed countries", "age": 18, "males": 43302280, "year": 2017, "total": 83202680}, {"females": 48351, "country": "Liberia", "age": 18, "males": 50015, "year": 2017, "total": 98365}, {"females": 50782, "country": "Libya", "age": 18, "males": 52972, "year": 2017, "total": 103757}, {"females": 14416, "country": "Lithuania", "age": 18, "males": 15184, "year": 2017, "total": 29600}, {"females": 3468, "country": "Luxembourg", "age": 18, "males": 3638, "year": 2017, "total": 7105}, {"females": 277532, "country": "Madagascar", "age": 18, "males": 276783, "year": 2017, "total": 554315}, {"females": 194740, "country": "Malawi", "age": 18, "males": 195140, "year": 2017, "total": 389880}, {"females": 284790, "country": "Malaysia", "age": 18, "males": 266685, "year": 2017, "total": 551471}, {"females": 3043, "country": "Maldives", "age": 18, "males": 3146, "year": 2017, "total": 6189}, {"females": 186710, "country": "Mali", "age": 18, "males": 195327, "year": 2017, "total": 382037}, {"females": 2712, "country": "Malta", "age": 18, "males": 2449, "year": 2017, "total": 5160}, {"females": 2414, "country": "Martinique", "age": 18, "males": 2366, "year": 2017, "total": 4779}, {"females": 42829, "country": "Mauritania", "age": 18, "males": 43998, "year": 2017, "total": 86826}, {"females": 9496, "country": "Mauritius", "age": 18, "males": 9784, "year": 2017, "total": 19280}, {"females": 2579, "country": "Mayotte", "age": 18, "males": 2671, "year": 2017, "total": 5250}, {"females": 98399, "country": "Melanesia", "age": 18, "males": 105225, "year": 2017, "total": 203625}, {"females": 1176028, "country": "Mexico", "age": 18, "males": 1210346, "year": 2017, "total": 2386374}, {"females": 5025, "country": "Micronesia", "age": 18, "males": 5362, "year": 2017, "total": 10390}, {"females": 1662481, "country": "Middle Africa", "age": 18, "males": 1671191, "year": 2017, "total": 3333675}, {"females": 22200, "country": "Moldova", "age": 18, "males": 23000, "year": 2017, "total": 45200}, {"females": 21765, "country": "Mongolia", "age": 18, "males": 22235, "year": 2017, "total": 44000}, {"females": 4080, "country": "Montenegro", "age": 18, "males": 4363, "year": 2017, "total": 8443}, {"females": 6553958, "country": "More developed regions", "age": 18, "males": 6887099, "year": 2017, "total": 13441100}, {"females": 282462, "country": "Morocco", "age": 18, "males": 297469, "year": 2017, "total": 579925}, {"females": 317651, "country": "Mozambique", "age": 18, "males": 316154, "year": 2017, "total": 633808}, {"females": 503108, "country": "Myanmar", "age": 18, "males": 504630, "year": 2017, "total": 1007737}, {"females": 26652, "country": "Namibia", "age": 18, "males": 26688, "year": 2017, "total": 53340}, {"females": 322179, "country": "Nepal", "age": 18, "males": 339162, "year": 2017, "total": 661364}, {"females": 97109, "country": "The Netherlands", "age": 18, "males": 102014, "year": 2017, "total": 199123}, {"females": 1974, "country": "New Caledonia", "age": 18, "males": 2074, "year": 2017, "total": 4048}, {"females": 29700, "country": "New Zealand", "age": 18, "males": 31300, "year": 2017, "total": 61100}, {"females": 57600, "country": "Nicaragua", "age": 18, "males": 61500, "year": 2017, "total": 119000}, {"females": 213000, "country": "Niger", "age": 18, "males": 209000, "year": 2017, "total": 421000}, {"females": 1876000, "country": "Nigeria", "age": 18, "males": 1976000, "year": 2017, "total": 3851000}, {"females": 1899000, "country": "Northern Africa", "age": 18, "males": 1981000, "year": 2017, "total": 3880000}, {"females": 2203000, "country": "NORTHERN AMERICA", "age": 18, "males": 2315000, "year": 2017, "total": 4519000}, {"females": 566000, "country": "Northern Europe", "age": 18, "males": 596000, "year": 2017, "total": 1162000}, {"females": 32000, "country": "Norway", "age": 18, "males": 33800, "year": 2017, "total": 65800}, {"females": 285000, "country": "OCEANIA", "age": 18, "males": 303000, "year": 2017, "total": 588000}, {"females": 21100, "country": "Oman", "age": 18, "males": 29300, "year": 2017, "total": 50400}, {"females": 141000, "country": "Other non-specified areas", "age": 18, "males": 153000, "year": 2017, "total": 294000}, {"females": 1864000, "country": "Pakistan", "age": 18, "males": 2002000, "year": 2017, "total": 3867000}, {"females": 34300, "country": "Panama", "age": 18, "males": 35300, "year": 2017, "total": 69600}, {"females": 80500, "country": "Papua New Guinea", "age": 18, "males": 86000, "year": 2017, "total": 166000}, {"females": 67000, "country": "Paraguay", "age": 18, "males": 69600, "year": 2017, "total": 137000}, {"females": 268000, "country": "Peru", "age": 18, "males": 283000, "year": 2017, "total": 551000}, {"females": 976000, "country": "Philippines", "age": 18, "males": 1047000, "year": 2017, "total": 2023000}, {"females": 185000, "country": "Poland", "age": 18, "males": 194000, "year": 2017, "total": 379000}, {"females": 6220, "country": "Polynesia", "age": 18, "males": 6690, "year": 2017, "total": 12900}, {"females": 54200, "country": "Portugal", "age": 18, "males": 54400, "year": 2017, "total": 109000}, {"females": 25700, "country": "Puerto Rico", "age": 18, "males": 27900, "year": 2017, "total": 53700}, {"females": 8600, "country": "Qatar", "age": 18, "males": 18200, "year": 2017, "total": 26700}, {"females": 6380, "country": "Reunion", "age": 18, "males": 6800, "year": 2017, "total": 13200}, {"females": 273000, "country": "RB-de-Venezuela", "age": 18, "males": 282000, "year": 2017, "total": 556000}, {"females": 305000, "country": "Rep of Korea", "age": 18, "males": 330000, "year": 2017, "total": 635000}, {"females": 296000, "country": "Rep of Yemen", "age": 18, "males": 306000, "year": 2017, "total": 602000}, {"females": 102000, "country": "Romania", "age": 18, "males": 107000, "year": 2017, "total": 209000}, {"females": 590000, "country": "Russian Federation", "age": 18, "males": 620000, "year": 2017, "total": 1210000}, {"females": 128000, "country": "Rwanda", "age": 18, "males": 127000, "year": 2017, "total": 254000}, {"females": 1560, "country": "St-Lucia", "age": 18, "males": 1550, "year": 2017, "total": 3110}, {"females": 939, "country": "St-Vincent and the Grenadines", "age": 18, "males": 965, "year": 2017, "total": 1900}, {"females": 1920, "country": "Samoa", "age": 18, "males": 2130, "year": 2017, "total": 4060}, {"females": 2040, "country": "Sao Tome and Principe", "age": 18, "males": 2070, "year": 2017, "total": 4110}, {"females": 257000, "country": "Saudi Arabia", "age": 18, "males": 263000, "year": 2017, "total": 520000}, {"females": 160000, "country": "Senegal", "age": 18, "males": 162000, "year": 2017, "total": 322000}, {"females": 53300, "country": "Serbia", "age": 18, "males": 56700, "year": 2017, "total": 110000}, {"females": 624, "country": "Seychelles", "age": 18, "males": 651, "year": 2017, "total": 1270}, {"females": 72000, "country": "Sierra Leone", "age": 18, "males": 70300, "year": 2017, "total": 142000}, {"females": 35100, "country": "Singapore", "age": 18, "males": 36800, "year": 2017, "total": 71900}, {"females": 26500, "country": "Slovak Republic", "age": 18, "males": 27800, "year": 2017, "total": 54400}, {"females": 8970, "country": "Slovenia", "age": 18, "males": 9570, "year": 2017, "total": 18500}, {"females": 6160, "country": "Solomon Islands", "age": 18, "males": 6640, "year": 2017, "total": 12800}, {"females": 123000, "country": "Somalia", "age": 18, "males": 123000, "year": 2017, "total": 246000}, {"females": 484000, "country": "South Africa", "age": 18, "males": 571000, "year": 2017, "total": 1054000}, {"females": 3498000, "country": "South America", "age": 18, "males": 3625000, "year": 2017, "total": 7123000}, {"females": 138000, "country": "South Sudan", "age": 18, "males": 141000, "year": 2017, "total": 279000}, {"females": 17072000, "country": "South-Central Asia", "age": 18, "males": 18736000, "year": 2017, "total": 35808000}, {"females": 5359000, "country": "South-Eastern Asia", "age": 18, "males": 5592000, "year": 2017, "total": 10951000}, {"females": 571000, "country": "Southern Africa", "age": 18, "males": 659000, "year": 2017, "total": 1230000}, {"females": 16538000, "country": "Southern Asia", "age": 18, "males": 18179000, "year": 2017, "total": 34718000}, {"females": 732000, "country": "Southern Europe", "age": 18, "males": 768000, "year": 2017, "total": 1500000}, {"females": 204000, "country": "Spain", "age": 18, "males": 215000, "year": 2017, "total": 419000}, {"females": 157000, "country": "Sri Lanka", "age": 18, "males": 158000, "year": 2017, "total": 314000}, {"females": 52400, "country": "West Bank and Gaza", "age": 18, "males": 54500, "year": 2017, "total": 107000}, {"females": 10354000, "country": "Sub-Saharan Africa", "age": 18, "males": 10619000, "year": 2017, "total": 20973000}, {"females": 434000, "country": "Sudan", "age": 18, "males": 445000, "year": 2017, "total": 879000}, {"females": 4750, "country": "Suriname", "age": 18, "males": 4900, "year": 2017, "total": 9650}, {"females": 14500, "country": "Swaziland", "age": 18, "males": 14500, "year": 2017, "total": 29000}, {"females": 46500, "country": "Sweden", "age": 18, "males": 49900, "year": 2017, "total": 96400}, {"females": 43100, "country": "Switzerland", "age": 18, "males": 45100, "year": 2017, "total": 88200}, {"females": 211000, "country": "Syrian Arab Rep", "age": 18, "males": 225000, "year": 2017, "total": 436000}, {"females": 83800, "country": "Tajikistan", "age": 18, "males": 88200, "year": 2017, "total": 172000}, {"females": 565000, "country": "Tanzania", "age": 18, "males": 572000, "year": 2017, "total": 1138000}, {"females": 424000, "country": "Thailand", "age": 18, "males": 435000, "year": 2017, "total": 858000}, {"females": 12300, "country": "Timor-Leste", "age": 18, "males": 13000, "year": 2017, "total": 25300}, {"females": 77100, "country": "Togo", "age": 18, "males": 77600, "year": 2017, "total": 155000}, {"females": 1090, "country": "Tonga", "age": 18, "males": 1210, "year": 2017, "total": 2300}, {"females": 8310, "country": "Trinidad and Tobago", "age": 18, "males": 8510, "year": 2017, "total": 16800}, {"females": 78500, "country": "Tunisia", "age": 18, "males": 82700, "year": 2017, "total": 161000}, {"females": 662000, "country": "Turkey", "age": 18, "males": 686000, "year": 2017, "total": 1348000}, {"females": 44600, "country": "Turkmenistan", "age": 18, "males": 45800, "year": 2017, "total": 90400}, {"females": 445000, "country": "Uganda", "age": 18, "males": 448000, "year": 2017, "total": 893000}, {"females": 196000, "country": "Ukraine", "age": 18, "males": 205000, "year": 2017, "total": 401000}, {"females": 34900, "country": "United Arab Emirates", "age": 18, "males": 61700, "year": 2017, "total": 96500}, {"females": 366000, "country": "United Kingdom", "age": 18, "males": 385000, "year": 2017, "total": 751000}, {"females": 2000000, "country": "United States", "age": 18, "males": 2100000, "year": 2017, "total": 4100000}, {"females": 643, "country": "US Virgin Islands", "age": 18, "males": 709, "year": 2017, "total": 1350}, {"females": 25100, "country": "Uruguay", "age": 18, "males": 26000, "year": 2017, "total": 51100}, {"females": 252000, "country": "Uzbekistan", "age": 18, "males": 262000, "year": 2017, "total": 515000}, {"females": 2570, "country": "Vanuatu", "age": 18, "males": 2780, "year": 2017, "total": 5350}, {"females": 642000, "country": "Vietnam", "age": 18, "males": 678000, "year": 2017, "total": 1320000}, {"females": 3704000, "country": "Western Africa", "age": 18, "males": 3839000, "year": 2017, "total": 7543000}, {"females": 2253000, "country": "Western Asia", "age": 18, "males": 2397000, "year": 2017, "total": 4651000}, {"females": 1017000, "country": "Western Europe", "age": 18, "males": 1067000, "year": 2017, "total": 2083000}, {"females": 4410, "country": "Western Sahara", "age": 18, "males": 4490, "year": 2017, "total": 8900}, {"females": 56746000, "country": "World", "age": 18, "males": 60681000, "year": 2017, "total": 117427000}, {"females": 180000, "country": "Zambia", "age": 18, "males": 181000, "year": 2017, "total": 361000}, {"females": 167000, "country": "Zimbabwe", "age": 18, "males": 166000, "year": 2017, "total": 333000}]